{"_default": {"1": {"Name": "0_1", "confidence": 0.999999, "stealthiness": 0.505256, "success": true}, "2": {"Name": "0_2", "confidence": 0.999998, "stealthiness": 0.575905, "success": true}, "3": {"Name": "0_3", "confidence": 1.0, "stealthiness": 0.515037, "success": true, "v": [57.16183042526245, 243.4590691626072, 359.6287854164839, 524.69801434502, 50.894021234009415, 112.1860682903789, 489.28047059476376, 443.8209459129721, 29.351647898554802, 2.3059587589814328, 0.43651357194175944, -0.2939656400703825, 0.056847657997423084, 0.022697360342135653, -0.11378572171088308, 0.4681445671012625, 253.36473473906517, 217.02808819711208, -3.7027418836951256, -0.6761701385257766, 1.574565636808984, 0.8472162566031329]}, "4": {"Name": "0_4", "confidence": 1.0, "stealthiness": 0.59468, "success": true, "v": [863.112548828125, 785.5662231445312, -48.86617660522461, -139.94471740722656, -0.5700919032096863, -6.342702865600586]}, "5": {"Name": "0_5", "confidence": 1.0, "stealthiness": 0.652678, "success": true}, "6": {"Name": "0_6", "confidence": 1.0, "stealthiness": 0.791889, "success": true, "v": [157.60278186947107, 129.5613856879063, 328.1835611052811, 378.32769362814724, 147.27071760594845, 92.53156656492501, 526.5384787991643, 565.4463036134839, 27.228321184869856, 2.771165984653635, 0.10620959338848479, 0.12169407654437236, -0.22852978795344825, -0.06536816470861595, 0.3407331628841348, 0.3760578350505739, 441.8880603685975, -38.59590607509017, 9.419761462137103, 0.884735866158735, 0.856462261202978, 0.019301643842482008]}, "7": {"Name": "0_7", "confidence": 0.999999, "stealthiness": 0.500793, "success": true, "v": [158.66758519411087, 239.6124750971794, 406.940443277359, 606.814157679677, 72.16381026804447, 56.81999312341213, 252.41463954374194, 337.43549974635243, 64.9806756824255, 2.071921287337318, 0.0453948020003736, 0.11963766347616911, 0.043873505550436676, 0.07762193129747175, 0.14364150608889759, 0.2591754557797685, -217.75203931331635, 27.351661443710327, 7.648492211475968, 0.3534816913306713, 0.08517215904430486, 0.6247234581969678]}, "8": {"Name": "0_8", "confidence": 0.999999, "stealthiness": 0.628126, "success": true}, "9": {"Name": "0_9", "confidence": 1.0, "stealthiness": 0.812694, "success": true, "v": [245.0821683332324, 270.250069357804, 468.242564573884, 451.47116035968065, 89.66075552999973, 6.914389222860336, 396.2586954990402, 446.5922307353467, 37.2077459320426, 1.9319093842350412, 0.20764642783615272, 0.04526690937200328, 0.0025261406699428335, -0.3826197755824978, -0.09774130955338478, 0.3117309748195112, -26.772134125232697, -63.254762379452586, 10.479636484757066, 0.8705471816792851, 0.7525539848138578, 0.23753246723208576]}, "10": {"Name": "1_0", "confidence": 0.999999, "stealthiness": 0.660102, "success": true}, "11": {"Name": "1_2", "confidence": 0.999994, "stealthiness": 0.50974, "success": true}, "12": {"Name": "1_3", "confidence": 1.0, "stealthiness": 0.725165, "success": true, "v": [122.64017752557993, 131.02662583068013, 344.8811221010983, 385.9583787214942, 34.13867599610239, 58.839240758214146, 491.4577433431987, 630.2974497498944, 53.398614029283635, 1.6751080286303477, -0.008685881957717356, 0.3262957861297764, 0.47192391377757303, -0.33715964588554925, 0.2601645200047642, 0.5772258389479248, -174.4856559485197, -93.44843171536922, -11.714428856561426, 0.07507907846593298, 0.6338194817071781, -1.193130334635498]}, "13": {"Name": "1_4", "confidence": 1.0, "stealthiness": 0.59112, "success": true}, "14": {"Name": "1_5", "confidence": 1.0, "stealthiness": 0.715451, "success": true}, "15": {"Name": "1_6", "confidence": 1.0, "stealthiness": 0.752875, "success": true, "v": [216.66467528231442, 49.17635458149016, 416.79691963270307, 321.78206595778465, 91.87391307204962, 64.94121846370399, 466.6901736818254, 569.618629318662, 48.927299581468105, 1.6924904460465768, 0.030283246451290324, -0.22089255767787108, 0.18061718536773697, 0.1868856861256063, -0.23122832737863064, -0.2813166563882987, -92.14851343631744, -40.07999198604375, 4.834479806246236, 0.42038374441108317, 1.6346529630791338, 1.0877101152436808]}, "16": {"Name": "1_7", "confidence": 0.999999, "stealthiness": 0.67157, "success": true, "v": [144.2173478603363, 210.93705643713474, 366.7057293653488, 461.5202790796757, 29.709847152233124, -14.013517200946808, 338.57136076688766, 361.41959750652313, 45.24873696267605, 2.010254451073706, -0.13157520093227504, 0.011573322117328644, 0.10932011296972632, 0.07292734459042549, 0.3151861664955504, 0.21219018287956715, -166.19579482078552, -6.9985973834991455, -11.266198195517063, 0.6063253954052925, 0.5810736650601029, 0.029204527381807566]}, "17": {"Name": "1_8", "confidence": 0.999999, "stealthiness": 0.744245, "success": true}, "18": {"Name": "1_9", "confidence": 0.999999, "stealthiness": 0.518897, "success": true}, "19": {"Name": "2_0", "confidence": 1.0, "stealthiness": 0.817852, "success": true}, "20": {"Name": "2_1", "confidence": 0.999999, "stealthiness": 0.528434, "success": true, "v": [460.3465270996094, 645.7238159179688, 171.92926025390625, -20.21893310546875, 3.094640016555786, 6.018434047698975]}, "21": {"Name": "2_3", "confidence": 1.0, "stealthiness": 0.525234, "success": true}, "22": {"Name": "2_4", "confidence": 0.999999, "stealthiness": 0.57592, "success": true}, "23": {"Name": "2_5", "confidence": 1.0, "stealthiness": 0.672535, "success": true, "v": [219.79953557625413, 118.73785543628037, 382.6199151277542, 315.31423036009073, 143.413878262043, 166.27851193398237, 567.3223231220618, 594.0698421448469, 44.73005576245487, 1.6518779627804179, -0.08523266330303159, -0.1645782731120562, -0.7161205308220815, -0.052964858390623704, 0.2179072316212114, 0.054229904533713125, 127.04093870520592, 90.41296312212944, 10.512605458498001, 0.4716591202886775, 0.35241069333278574, -0.37204184237634763]}, "24": {"Name": "2_6", "confidence": 0.999999, "stealthiness": 0.500693, "success": true, "v": [106.55199527740479, 79.48011051118374, 343.619224190712, 310.04624328762293, 169.93692684639245, 153.36714800447226, 445.9223014265299, 436.04763036966324, 53.78034298866987, 2.1889961544511607, -0.1411526823649183, -0.3714927238179371, -0.29167569580022246, 0.22101509221829474, 0.03505926416255534, -0.05084911664016545, -2.2940526008605957, 36.179005444049835, 11.877544926479459, 0.19995441799983382, 1.421658962208312, 0.7489211340434849]}, "25": {"Name": "2_7", "confidence": 0.999999, "stealthiness": 0.617456, "success": true}, "26": {"Name": "2_8", "confidence": 0.999999, "stealthiness": 0.500522, "success": true}, "27": {"Name": "2_9", "confidence": 1.0, "stealthiness": 0.563106, "success": true}, "28": {"Name": "3_0", "confidence": 1.0, "stealthiness": 0.598912, "success": true}, "29": {"Name": "3_1", "confidence": 0.999999, "stealthiness": 0.506242, "success": true}, "30": {"Name": "3_2", "confidence": 0.999997, "stealthiness": 0.535529, "success": true, "v": [519.9945678710938, 509.6359558105469, -35.26911163330078, -11.257389068603516, 3.8228650093078613, 18.36269187927246]}, "31": {"Name": "3_4", "confidence": 1.0, "stealthiness": 0.580891, "success": true, "v": [193.1324009236414, 114.6980775250122, 391.8231036365032, 383.8086514775059, 152.35104888305068, 74.56309716403484, 445.76724418997765, 453.9906099514337, 36.84808102250099, 2.1950212365518382, -0.03847871258039959, 0.0980773814717395, 0.2402769431937486, -0.2074757782938832, 0.082678333635954, 0.25915803413954563, 44.54122321307659, 116.50433758273721, 0.4665872487530578, 0.911563536763424, 0.29973722460272256, 0.13923253696702886]}, "32": {"Name": "3_5", "confidence": 0.999999, "stealthiness": 0.540001, "success": true}, "33": {"Name": "3_6", "confidence": 0.999999, "stealthiness": 0.515701, "success": true}, "34": {"Name": "3_7", "confidence": 0.999999, "stealthiness": 0.739107, "success": true}, "35": {"Name": "3_8", "confidence": 0.999999, "stealthiness": 0.582266, "success": true}, "36": {"Name": "3_9", "confidence": 0.999999,